{
  "hash": "9e5646d4",
  "configHash": "2daeba77",
  "lockfileHash": "db903518",
  "browserHash": "92a3f7e2",
  "optimized": {
    "@angular/common/http": {
      "src": "../../../../../node_modules/@angular/common/fesm2022/http.mjs",
      "file": "@angular_common_http.js",
      "fileHash": "49d6fe30",
      "needsInterop": false
    },
    "@angular/core": {
      "src": "../../../../../node_modules/@angular/core/fesm2022/core.mjs",
      "file": "@angular_core.js",
      "fileHash": "7d359a89",
      "needsInterop": false
    },
    "@angular/forms": {
      "src": "../../../../../node_modules/@angular/forms/fesm2022/forms.mjs",
      "file": "@angular_forms.js",
      "fileHash": "a25dbe0d",
      "needsInterop": false
    },
    "@angular/platform-browser": {
      "src": "../../../../../node_modules/@angular/platform-browser/fesm2022/platform-browser.mjs",
      "file": "@angular_platform-browser.js",
      "fileHash": "7f399c43",
      "needsInterop": false
    },
    "@angular/router": {
      "src": "../../../../../node_modules/@angular/router/fesm2022/router.mjs",
      "file": "@angular_router.js",
      "fileHash": "b6898e9c",
      "needsInterop": false
    }
  },
  "chunks": {
    "chunk-NVTZZAUP": {
      "file": "chunk-NVTZZAUP.js"
    },
    "chunk-JG776R5N": {
      "file": "chunk-JG776R5N.js"
    },
    "chunk-VBIXTFQ5": {
      "file": "chunk-VBIXTFQ5.js"
    },
    "chunk-FLSG4Q2H": {
      "file": "chunk-FLSG4Q2H.js"
    }
  }
}